{
	"info": {
		"_postman_id": "6cdec4c5-b2ac-4b79-b5c9-22d49d05d7ac",
		"name": "Task Assignment",
		"schema": "https://schema.getpostman.com/json/collection/v2.0.0/collection.json",
		"_exporter_id": "12600872"
	},
	"item": [
		{
			"name": "login admin",
			"request": {
				"method": "POST",
				"header": [],
				"body": {
					"mode": "formdata",
					"formdata": [
						{
							"key": "email",
							"value": "admin@example.com",
							"type": "text"
						},
						{
							"key": "password",
							"value": "p@ssw0rd",
							"type": "text"
						}
					]
				},
				"url": "http://127.0.0.1:8001/api/login"
			},
			"response": []
		},
		{
			"name": "add user",
			"request": {
				"auth": {
					"type": "oauth2",
					"oauth2": {
						"addTokenTo": "header"
					}
				},
				"method": "POST",
				"header": [
					{
						"key": "Accept",
						"value": "application/json",
						"type": "text"
					}
				],
				"body": {
					"mode": "raw",
					"raw": "{\r\n    \"name\" : \"joo\",\r\n    \"email\" : \"jo12o@gaa\",\r\n    \"password\" : \"1234h53gk\",\r\n    \"role\" : \"manager\"\r\n}",
					"options": {
						"raw": {
							"language": "json"
						}
					}
				},
				"url": "http://127.0.0.1:8001/api/users"
			},
			"response": []
		},
		{
			"name": "edite user",
			"request": {
				"auth": {
					"type": "oauth2",
					"oauth2": {
						"addTokenTo": "header"
					}
				},
				"method": "PUT",
				"header": [
					{
						"key": "Accept",
						"value": "application/json",
						"type": "text"
					}
				],
				"body": {
					"mode": "raw",
					"raw": "{\r\n    \"name\" : \"joo hgig\",\r\n    \"email\" : \"jojho@gaa\",\r\n    \"password\" : \"1234hgkk\",\r\n    \"role\" : \"manager\"\r\n}",
					"options": {
						"raw": {
							"language": "json"
						}
					}
				},
				"url": "http://127.0.0.1:8001/api/users/2"
			},
			"response": []
		},
		{
			"name": "get user ",
			"protocolProfileBehavior": {
				"disableBodyPruning": true
			},
			"request": {
				"auth": {
					"type": "oauth2",
					"oauth2": {
						"addTokenTo": "header"
					}
				},
				"method": "GET",
				"header": [
					{
						"key": "Accept",
						"value": "application/json",
						"type": "text"
					}
				],
				"body": {
					"mode": "raw",
					"raw": "{\r\n    \"name\" : \"joo hgig\",\r\n    \"email\" : \"jojho@gaa\",\r\n    \"password\" : \"1234hgkk\",\r\n    \"role\" : \"manager\"\r\n}",
					"options": {
						"raw": {
							"language": "json"
						}
					}
				},
				"url": "http://127.0.0.1:8001/api/users/2"
			},
			"response": []
		},
		{
			"name": "get users ",
			"protocolProfileBehavior": {
				"disableBodyPruning": true
			},
			"request": {
				"auth": {
					"type": "oauth2",
					"oauth2": {
						"addTokenTo": "header"
					}
				},
				"method": "GET",
				"header": [
					{
						"key": "Accept",
						"value": "application/json",
						"type": "text"
					}
				],
				"body": {
					"mode": "raw",
					"raw": "{\r\n    \"name\" : \"joo hgig\",\r\n    \"email\" : \"jojho@gaa\",\r\n    \"password\" : \"1234hgkk\",\r\n    \"role\" : \"manager\"\r\n}",
					"options": {
						"raw": {
							"language": "json"
						}
					}
				},
				"url": "http://127.0.0.1:8001/api/users"
			},
			"response": []
		},
		{
			"name": "delete user",
			"request": {
				"auth": {
					"type": "oauth2",
					"oauth2": {
						"addTokenTo": "header"
					}
				},
				"method": "DELETE",
				"header": [
					{
						"key": "Accept",
						"value": "application/json",
						"type": "text"
					}
				],
				"body": {
					"mode": "raw",
					"raw": "{\r\n    \"name\" : \"joo hgig\",\r\n    \"email\" : \"jojho@gaa\",\r\n    \"password\" : \"1234hgkk\",\r\n    \"role\" : \"manager\"\r\n}",
					"options": {
						"raw": {
							"language": "json"
						}
					}
				},
				"url": "http://127.0.0.1:8001/api/users/2"
			},
			"response": []
		},
		{
			"name": "get tasks with filter",
			"protocolProfileBehavior": {
				"disableBodyPruning": true
			},
			"request": {
				"auth": {
					"type": "oauth2",
					"oauth2": {
						"addTokenTo": "header"
					}
				},
				"method": "GET",
				"header": [
					{
						"key": "Accept",
						"value": "application/json",
						"type": "text"
					}
				],
				"body": {
					"mode": "raw",
					"raw": "{\r\n    \"name\" : \"joo hgig\",\r\n    \"email\" : \"jojho@gaa\",\r\n    \"password\" : \"1234hgkk\",\r\n    \"role\" : \"manager\"\r\n}",
					"options": {
						"raw": {
							"language": "json"
						}
					}
				},
				"url": {
					"raw": "http://127.0.0.1:8001/api/tasks?priority_id=2",
					"protocol": "http",
					"host": [
						"127",
						"0",
						"0",
						"1"
					],
					"port": "8001",
					"path": [
						"api",
						"tasks"
					],
					"query": [
						{
							"key": "priority_id",
							"value": "2"
						}
					]
				}
			},
			"response": []
		},
		{
			"name": "get task",
			"protocolProfileBehavior": {
				"disableBodyPruning": true
			},
			"request": {
				"auth": {
					"type": "oauth2",
					"oauth2": {
						"addTokenTo": "header"
					}
				},
				"method": "GET",
				"header": [
					{
						"key": "Accept",
						"value": "application/json",
						"type": "text"
					}
				],
				"body": {
					"mode": "raw",
					"raw": "{\r\n    \"name\" : \"joo hgig\",\r\n    \"email\" : \"jojho@gaa\",\r\n    \"password\" : \"1234hgkk\",\r\n    \"role\" : \"manager\"\r\n}",
					"options": {
						"raw": {
							"language": "json"
						}
					}
				},
				"url": "http://127.0.0.1:8001/api/tasks/2"
			},
			"response": []
		},
		{
			"name": "add task",
			"request": {
				"auth": {
					"type": "oauth2",
					"oauth2": {
						"addTokenTo": "header"
					}
				},
				"method": "POST",
				"header": [
					{
						"key": "Accept",
						"value": "application/json",
						"type": "text"
					}
				],
				"body": {
					"mode": "raw",
					"raw": "{\r\n    \"title\": \"d1122\",\r\n    \"description\": \"descriptiondescription\",\r\n    \"status_id\": 3,\r\n    \"priority_id\": 2,\r\n    \"execute_time\": 4\r\n}",
					"options": {
						"raw": {
							"language": "json"
						}
					}
				},
				"url": "http://127.0.0.1:8001/api/tasks"
			},
			"response": []
		},
		{
			"name": "edite task",
			"request": {
				"auth": {
					"type": "oauth2",
					"oauth2": {
						"addTokenTo": "header"
					}
				},
				"method": "PUT",
				"header": [
					{
						"key": "Accept",
						"value": "application/json",
						"type": "text"
					}
				],
				"body": {
					"mode": "raw",
					"raw": "{\r\n    \"title\": \"d1122\",\r\n    \"description\": \"descriptiondescription\",\r\n    \"status_id\": 3,\r\n    \"priority_id\": 2,\r\n    \"execute_time\": 4\r\n}",
					"options": {
						"raw": {
							"language": "json"
						}
					}
				},
				"url": "http://127.0.0.1:8001/api/tasks/2"
			},
			"response": []
		},
		{
			"name": "edit task status",
			"request": {
				"auth": {
					"type": "oauth2",
					"oauth2": {
						"addTokenTo": "header"
					}
				},
				"method": "PUT",
				"header": [
					{
						"key": "Accept",
						"value": "application/json",
						"type": "text"
					}
				],
				"body": {
					"mode": "raw",
					"raw": "{\r\n    \"title\": \"d1122\",\r\n    \"description\": \"descriptiondescription\",\r\n    \"status_id\": 3,\r\n    \"priority_id\": 2,\r\n    \"execute_time\": 4\r\n}",
					"options": {
						"raw": {
							"language": "json"
						}
					}
				},
				"url": "http://127.0.0.1:8001/api/tasks/2/status"
			},
			"response": []
		},
		{
			"name": "assign task ",
			"request": {
				"auth": {
					"type": "oauth2",
					"oauth2": {
						"addTokenTo": "header"
					}
				},
				"method": "PUT",
				"header": [
					{
						"key": "Accept",
						"value": "application/json",
						"type": "text"
					}
				],
				"body": {
					"mode": "raw",
					"raw": "{\r\n    \"user_id\" : 4\r\n}",
					"options": {
						"raw": {
							"language": "json"
						}
					}
				},
				"url": "http://127.0.0.1:8001/api/tasks/2/assign"
			},
			"response": []
		},
		{
			"name": "unAssign task ",
			"request": {
				"auth": {
					"type": "oauth2",
					"oauth2": {
						"addTokenTo": "header"
					}
				},
				"method": "PUT",
				"header": [
					{
						"key": "Accept",
						"value": "application/json",
						"type": "text"
					}
				],
				"body": {
					"mode": "raw",
					"raw": "{\r\n    \"user_id\" : 5\r\n}",
					"options": {
						"raw": {
							"language": "json"
						}
					}
				},
				"url": "http://127.0.0.1:8001/api/tasks/2/unAssign"
			},
			"response": []
		},
		{
			"name": "delete task ",
			"request": {
				"auth": {
					"type": "oauth2",
					"oauth2": {
						"addTokenTo": "header"
					}
				},
				"method": "DELETE",
				"header": [
					{
						"key": "Accept",
						"value": "application/json",
						"type": "text"
					}
				],
				"body": {
					"mode": "raw",
					"raw": "{\r\n    \"user_id\" : 5\r\n}",
					"options": {
						"raw": {
							"language": "json"
						}
					}
				},
				"url": "http://127.0.0.1:8001/api/tasks/5"
			},
			"response": []
		},
		{
			"name": "profile",
			"protocolProfileBehavior": {
				"disableBodyPruning": true
			},
			"request": {
				"auth": {
					"type": "oauth2",
					"oauth2": {
						"addTokenTo": "header"
					}
				},
				"method": "GET",
				"header": [
					{
						"key": "Accept",
						"value": "application/json",
						"type": "text"
					}
				],
				"body": {
					"mode": "raw",
					"raw": "{\r\n    \"user_id\" : 5\r\n}",
					"options": {
						"raw": {
							"language": "json"
						}
					}
				},
				"url": "http://127.0.0.1:8001/api/profile"
			},
			"response": []
		},
		{
			"name": "get tasks with filter status",
			"protocolProfileBehavior": {
				"disableBodyPruning": true
			},
			"request": {
				"auth": {
					"type": "oauth2",
					"oauth2": {
						"addTokenTo": "header"
					}
				},
				"method": "GET",
				"header": [
					{
						"key": "Accept",
						"value": "application/json",
						"type": "text"
					}
				],
				"body": {
					"mode": "raw",
					"raw": "{\r\n    \"name\" : \"joo hgig\",\r\n    \"email\" : \"jojho@gaa\",\r\n    \"password\" : \"1234hgkk\",\r\n    \"role\" : \"manager\"\r\n}",
					"options": {
						"raw": {
							"language": "json"
						}
					}
				},
				"url": {
					"raw": "http://127.0.0.1:8001/api/tasks?status_id=2",
					"protocol": "http",
					"host": [
						"127",
						"0",
						"0",
						"1"
					],
					"port": "8001",
					"path": [
						"api",
						"tasks"
					],
					"query": [
						{
							"key": "status_id",
							"value": "2"
						}
					]
				}
			},
			"response": []
		},
		{
			"name": "get tasks with filter priority",
			"protocolProfileBehavior": {
				"disableBodyPruning": true
			},
			"request": {
				"auth": {
					"type": "oauth2",
					"oauth2": {
						"addTokenTo": "header"
					}
				},
				"method": "GET",
				"header": [
					{
						"key": "Accept",
						"value": "application/json",
						"type": "text"
					}
				],
				"body": {
					"mode": "raw",
					"raw": "{\r\n    \"name\" : \"joo hgig\",\r\n    \"email\" : \"jojho@gaa\",\r\n    \"password\" : \"1234hgkk\",\r\n    \"role\" : \"manager\"\r\n}",
					"options": {
						"raw": {
							"language": "json"
						}
					}
				},
				"url": {
					"raw": "http://127.0.0.1:8001/api/tasks?priority_id=2",
					"protocol": "http",
					"host": [
						"127",
						"0",
						"0",
						"1"
					],
					"port": "8001",
					"path": [
						"api",
						"tasks"
					],
					"query": [
						{
							"key": "priority_id",
							"value": "2"
						}
					]
				}
			},
			"response": []
		},
		{
			"name": "get tasks with filter deleted tasks",
			"protocolProfileBehavior": {
				"disableBodyPruning": true
			},
			"request": {
				"auth": {
					"type": "oauth2",
					"oauth2": {
						"addTokenTo": "header"
					}
				},
				"method": "GET",
				"header": [
					{
						"key": "Accept",
						"value": "application/json",
						"type": "text"
					}
				],
				"body": {
					"mode": "raw",
					"raw": "{\r\n    \"name\" : \"joo hgig\",\r\n    \"email\" : \"jojho@gaa\",\r\n    \"password\" : \"1234hgkk\",\r\n    \"role\" : \"manager\"\r\n}",
					"options": {
						"raw": {
							"language": "json"
						}
					}
				},
				"url": {
					"raw": "http://127.0.0.1:8001/api/tasks?withDeleted=false",
					"protocol": "http",
					"host": [
						"127",
						"0",
						"0",
						"1"
					],
					"port": "8001",
					"path": [
						"api",
						"tasks"
					],
					"query": [
						{
							"key": "withDeleted",
							"value": "false"
						}
					]
				}
			},
			"response": []
		}
	]
}