{
    "message": "Task unassigned successfully",
    "task": {
      "id": 5,
      "title": "df  d j",
      "description": "descriptiondescription",
      "status_id": 1,
      "priority_id": 2,
      "user_id": null,
      "due_date": null,
      "assign_date": null,
      "complete_date": null,
      "execute_time": 50,
      "rate": null,
      "created_at": "2024-09-08T22:17:23.000000Z",
      "updated_at": "2024-09-09T17:26:41.000000Z",
      "deleted_at": null
    }
  }